{
    "name": "root",
    "gauges": {
        "Trooper.Policy.Entropy.mean": {
            "value": 1.6490941047668457,
            "min": 1.5537062883377075,
            "max": 1.724621295928955,
            "count": 80
        },
        "Trooper.Policy.Entropy.sum": {
            "value": 3773.127197265625,
            "min": 3580.3115234375,
            "max": 4856.53369140625,
            "count": 80
        },
        "Trooper.Environment.LessonNumber.map_level.mean": {
            "value": 5.0,
            "min": 5.0,
            "max": 5.0,
            "count": 80
        },
        "Trooper.Environment.LessonNumber.map_level.sum": {
            "value": 5.0,
            "min": 5.0,
            "max": 5.0,
            "count": 80
        },
        "Trooper.Step.mean": {
            "value": 827982.0,
            "min": 609902.0,
            "max": 827982.0,
            "count": 110
        },
        "Trooper.Step.sum": {
            "value": 827982.0,
            "min": 609902.0,
            "max": 827982.0,
            "count": 110
        },
        "Trooper.Policy.ExtrinsicValueEstimate.mean": {
            "value": 6.545257568359375,
            "min": 6.545257568359375,
            "max": 12.953298568725586,
            "count": 110
        },
        "Trooper.Policy.ExtrinsicValueEstimate.sum": {
            "value": 111.26937866210938,
            "min": 25.906597137451172,
            "max": 199.91065979003906,
            "count": 110
        },
        "Trooper.IsTraining.mean": {
            "value": 1.0,
            "min": 1.0,
            "max": 1.0,
            "count": 110
        },
        "Trooper.IsTraining.sum": {
            "value": 1.0,
            "min": 1.0,
            "max": 1.0,
            "count": 110
        },
        "Trooper.Environment.EpisodeLength.mean": {
            "value": 999.0,
            "min": 999.0,
            "max": 999.0,
            "count": 10
        },
        "Trooper.Environment.EpisodeLength.sum": {
            "value": 21978.0,
            "min": 21978.0,
            "max": 21978.0,
            "count": 10
        },
        "Trooper.Environment.CumulativeReward.mean": {
            "value": 109.91291614373525,
            "min": 42.92419221997261,
            "max": 109.91291614373525,
            "count": 19
        },
        "Trooper.Environment.CumulativeReward.sum": {
            "value": 659.4774968624115,
            "min": 257.54515331983566,
            "max": 1316.3952927589417,
            "count": 19
        },
        "Trooper.Policy.ExtrinsicReward.mean": {
            "value": 109.91291614373525,
            "min": 42.92419221997261,
            "max": 109.91291614373525,
            "count": 19
        },
        "Trooper.Policy.ExtrinsicReward.sum": {
            "value": 659.4774968624115,
            "min": 257.54515331983566,
            "max": 1316.3952927589417,
            "count": 19
        },
        "Trooper.Losses.PolicyLoss.mean": {
            "value": 0.025543753712785444,
            "min": 0.020796490270951172,
            "max": 0.027385376050092634,
            "count": 9
        },
        "Trooper.Losses.PolicyLoss.sum": {
            "value": 0.025543753712785444,
            "min": 0.020796490270951172,
            "max": 0.027385376050092634,
            "count": 9
        },
        "Trooper.Losses.ValueLoss.mean": {
            "value": 1.092412186993493,
            "min": 0.7153608869938624,
            "max": 1.926271418730418,
            "count": 9
        },
        "Trooper.Losses.ValueLoss.sum": {
            "value": 1.092412186993493,
            "min": 0.7153608869938624,
            "max": 1.926271418730418,
            "count": 9
        },
        "Trooper.Policy.LearningRate.mean": {
            "value": 0.00027577062807646003,
            "min": 0.00027577062807646003,
            "max": 0.00028105062631645977,
            "count": 9
        },
        "Trooper.Policy.LearningRate.sum": {
            "value": 0.00027577062807646003,
            "min": 0.00027577062807646003,
            "max": 0.00028105062631645977,
            "count": 9
        },
        "Trooper.Policy.Epsilon.mean": {
            "value": 0.19192353999999995,
            "min": 0.19192353999999995,
            "max": 0.19368354000000007,
            "count": 9
        },
        "Trooper.Policy.Epsilon.sum": {
            "value": 0.19192353999999995,
            "min": 0.19192353999999995,
            "max": 0.19368354000000007,
            "count": 9
        },
        "Trooper.Policy.Beta.mean": {
            "value": 0.004596984646000001,
            "min": 0.004596984646000001,
            "max": 0.004684808646000003,
            "count": 9
        },
        "Trooper.Policy.Beta.sum": {
            "value": 0.004596984646000001,
            "min": 0.004596984646000001,
            "max": 0.004684808646000003,
            "count": 9
        }
    },
    "metadata": {
        "timer_format_version": "0.1.0",
        "start_time_seconds": "1775156135",
        "python_version": "3.10.11 (tags/v3.10.11:7d4cc5a, Apr  5 2023, 00:38:17) [MSC v.1929 64 bit (AMD64)]",
        "command_line_arguments": "C:\\Users\\Julia\\kaiju-agents-project\\ml-env\\Scripts\\mlagents-learn config/ctf_ppo.yaml --run-id=Curriculum_04 --resume",
        "mlagents_version": "1.1.0",
        "mlagents_envs_version": "1.1.0",
        "communication_protocol_version": "1.5.0",
        "pytorch_version": "1.13.1+cpu",
        "numpy_version": "1.23.5",
        "end_time_seconds": "1775156398"
    },
    "total": 262.9902854000684,
    "count": 1,
    "self": 0.013141899835318327,
    "children": {
        "run_training.setup": {
            "total": 0.10990950022824109,
            "count": 1,
            "self": 0.10990950022824109
        },
        "TrainerController.start_learning": {
            "total": 262.8672340000048,
            "count": 1,
            "self": 0.3321991926059127,
            "children": {
                "TrainerController._reset_env": {
                    "total": 4.527876100037247,
                    "count": 1,
                    "self": 4.527876100037247
                },
                "TrainerController.advance": {
                    "total": 257.77573260711506,
                    "count": 10046,
                    "self": 0.4125822954811156,
                    "children": {
                        "env_step": {
                            "total": 181.5613356078975,
                            "count": 10046,
                            "self": 157.97155692242086,
                            "children": {
                                "SubprocessEnvManager._take_step": {
                                    "total": 23.43074139370583,
                                    "count": 10046,
                                    "self": 0.8426879097241908,
                                    "children": {
                                        "TorchPolicy.evaluate": {
                                            "total": 22.58805348398164,
                                            "count": 10046,
                                            "self": 22.58805348398164
                                        }
                                    }
                                },
                                "workers": {
                                    "total": 0.15903729177080095,
                                    "count": 10045,
                                    "self": 0.0,
                                    "children": {
                                        "worker_root": {
                                            "total": 257.81403519329615,
                                            "count": 10045,
                                            "is_parallel": true,
                                            "self": 120.38032268476672,