{
    "name": "root",
    "gauges": {
        "Trooper.Policy.Entropy.mean": {
            "value": 2.1853203773498535,
            "min": 2.1853203773498535,
            "max": 2.205382823944092,
            "count": 2
        },
        "Trooper.Policy.Entropy.sum": {
            "value": 21853.203125,
            "min": 21853.203125,
            "max": 22053.828125,
            "count": 2
        },
        "Trooper.Environment.LessonNumber.map_level.mean": {
            "value": 0.0,
            "min": 0.0,
            "max": 0.0,
            "count": 2
        },
        "Trooper.Environment.LessonNumber.map_level.sum": {
            "value": 0.0,
            "min": 0.0,
            "max": 0.0,
            "count": 2
        },
        "Trooper.Step.mean": {
            "value": 19960.0,
            "min": 9960.0,
            "max": 19960.0,
            "count": 2
        },
        "Trooper.Step.sum": {
            "value": 19960.0,
            "min": 9960.0,
            "max": 19960.0,
            "count": 2
        },
        "Trooper.Policy.ExtrinsicValueEstimate.mean": {
            "value": -0.019722944125533104,
            "min": -0.019722944125533104,
            "max": 0.0327523835003376,
            "count": 2
        },
        "Trooper.Policy.ExtrinsicValueEstimate.sum": {
            "value": -3.1556711196899414,
            "min": -3.1556711196899414,
            "max": 5.207629203796387,
            "count": 2
        },
        "Trooper.Environment.EpisodeLength.mean": {
            "value": 999.0,
            "min": 999.0,
            "max": 999.0,
            "count": 2
        },
        "Trooper.Environment.EpisodeLength.sum": {
            "value": 9990.0,
            "min": 9990.0,
            "max": 9990.0,
            "count": 2
        },
        "Trooper.Environment.CumulativeReward.mean": {
            "value": -2.0000000074505806,
            "min": -2.033333342936304,
            "max": -2.0000000074505806,
            "count": 2
        },
        "Trooper.Environment.CumulativeReward.sum": {
            "value": -20.000000074505806,
            "min": -20.000000074505806,
            "max": -18.300000086426735,
            "count": 2
        },
        "Trooper.Policy.ExtrinsicReward.mean": {
            "value": -2.0000000074505806,
            "min": -2.033333342936304,
            "max": -2.0000000074505806,
            "count": 2
        },
        "Trooper.Policy.ExtrinsicReward.sum": {
            "value": -20.000000074505806,
            "min": -20.000000074505806,
            "max": -18.300000086426735,
            "count": 2
        },
        "Trooper.IsTraining.mean": {
            "value": 1.0,
            "min": 1.0,
            "max": 1.0,
            "count": 2
        },
        "Trooper.IsTraining.sum": {
            "value": 1.0,
            "min": 1.0,
            "max": 1.0,
            "count": 2
        },
        "Trooper.Losses.PolicyLoss.mean": {
            "value": 0.023359271849039943,
            "min": 0.023359271849039943,
            "max": 0.023359271849039943,
            "count": 1
        },
        "Trooper.Losses.PolicyLoss.sum": {
            "value": 0.023359271849039943,
            "min": 0.023359271849039943,
            "max": 0.023359271849039943,
            "count": 1
        },
        "Trooper.Losses.ValueLoss.mean": {
            "value": 0.010659670472765963,
            "min": 0.010659670472765963,
            "max": 0.010659670472765963,
            "count": 1
        },
        "Trooper.Losses.ValueLoss.sum": {
            "value": 0.010659670472765963,
            "min": 0.010659670472765963,
            "max": 0.010659670472765963,
            "count": 1
        },
        "Trooper.Policy.LearningRate.mean": {
            "value": 0.00029692320102559996,
            "min": 0.00029692320102559996,
            "max": 0.00029692320102559996,
            "count": 1
        },
        "Trooper.Policy.LearningRate.sum": {
            "value": 0.00029692320102559996,
            "min": 0.00029692320102559996,
            "max": 0.00029692320102559996,
            "count": 1
        },
        "Trooper.Policy.Epsilon.mean": {
            "value": 0.1989744,
            "min": 0.1989744,
            "max": 0.1989744,
            "count": 1
        },
        "Trooper.Policy.Epsilon.sum": {
            "value": 0.1989744,
            "min": 0.1989744,
            "max": 0.1989744,
            "count": 1
        },
        "Trooper.Policy.Beta.mean": {
            "value": 0.004948822560000001,
            "min": 0.004948822560000001,
            "max": 0.004948822560000001,
            "count": 1
        },
        "Trooper.Policy.Beta.sum": {
            "value": 0.004948822560000001,
            "min": 0.004948822560000001,
            "max": 0.004948822560000001,
            "count": 1
        }
    },
    "metadata": {
        "timer_format_version": "0.1.0",
        "start_time_seconds": "1775075467",
        "python_version": "3.10.11 (tags/v3.10.11:7d4cc5a, Apr  5 2023, 00:38:17) [MSC v.1929 64 bit (AMD64)]",
        "command_line_arguments": "C:\\Users\\jrock\\repos\\kaiju-agents-project\\ml-env\\Scripts\\mlagents-learn config/ctf_ppo.yaml --run-id=Curriculum_01 --force",
        "mlagents_version": "1.1.0",
        "mlagents_envs_version": "1.1.0",
        "communication_protocol_version": "1.5.0",
        "pytorch_version": "2.1.2+cpu",
        "numpy_version": "1.23.5",
        "end_time_seconds": "1775075838"
    },
    "total": 370.52598939999007,
    "count": 1,
    "self": 0.018046600045636296,
    "children": {
        "run_training.setup": {
            "total": 0.17861830000765622,
            "count": 1,
            "self": 0.17861830000765622
        },
        "TrainerController.start_learning": {
            "total": 370.3293244999368,
            "count": 1,
            "self": 0.9148515034466982,
            "children": {
                "TrainerController._reset_env": {
                    "total": 9.674626299994998,
                    "count": 1,
                    "self": 9.674626299994998
                },
                "TrainerController.advance": {
                    "total": 359.43235149641987,
                    "count": 14324,
                    "self": 1.1394424070604146,
                    "children": {
                        "env_step": {
                            "total": 340.20153668371495,
                            "count": 14324,
                            "self": 270.08290757471696,
                            "children": {
                                "SubprocessEnvManager._take_step": {
                                    "total": 69.66752840287518,
                                    "count": 14324,
                                    "self": 2.1284896110882983,
                                    "children": {
                                        "TorchPolicy.evaluate": {
                                            "total": 67.53903879178688,
                                            "count": 14324,
                                            "self": 67.53903879178688
                                        }
                                    }
                                },
                                "workers": {
                                    "total": 0.4511007061228156,
                                    "count": 14323,
                                    "self": 0.0,
                                    "children": {
                                        "worker_root": {
                                            "total": 289.01658189622685,
                                            "count": 14323,
                                            "is_parallel": true,
                                            "self": 129.9830193882808,