{"count":1,"self":1376.9679872,"total":3925.7980404,"children":{"InitializeActuators":{"count":1007,"self":0.021505399999999997,"total":0.021505399999999997,"children":null},"InitializeSensors":{"count":1007,"self":0.0169907,"total":0.0169907,"children":null},"AgentSendState":{"count":1409639,"self":12.0648632,"total":56.137264599999995,"children":{"CollectObservations":{"count":1880207,"self":16.3298144,"total":16.329815,"children":null},"WriteActionMask":{"count":1880207,"self":2.9038627999999997,"total":2.9038627,"children":null},"RequestDecision":{"count":1880207,"self":6.6420276,"total":24.838724,"children":{"AgentInfo.ToProto":{"count":1871070,"self":6.9588208,"total":18.1966964,"children":{"GenerateSensorData":{"count":1871070,"self":11.2378752,"total":11.237875299999999,"children":null}}}}}}},"DecideAction":{"count":1409639,"self":2301.0631679999997,"total":2301.0630808,"children":null},"AgentAct":{"count":1409639,"self":191.5342336,"total":191.5712222,"children":{"AgentInfo.ToProto":{"count":1842,"self":0.022994499999999998,"total":0.036992,"children":{"GenerateSensorData":{"count":1842,"self":0.0139975,"total":0.0139975,"children":null}}}}},"AgentInfo.ToProto":{"count":957,"self":0.0109979,"total":0.020006899999999998,"children":{"GenerateSensorData":{"count":957,"self":0.009009,"total":0.009009,"children":null}}}},"gauges":{"Trooper.CumulativeReward":{"count":1853,"max":22.9775867,"min":-2.36199951,"runningAverage":3.69900441,"value":-0.6230968,"weightedAverage":0.50029}},"metadata":{"timer_format_version":"0.1.0","start_time_seconds":"1775159024","unity_version":"6000.3.10f1","command_line_arguments":"C:\\Program Files\\Unity\\Hub\\Editor\\6000.3.10f1\\Editor\\Unity.exe -projectpath C:\\Users\\Julia\\kaiju-agents-project -acceptSoftwareTermsForThisRunOnly -useHub -hubIPC -cloudEnvironment production","communication_protocol_version":"1.5.0","com.unity.ml-agents_version":"4.0.2","scene_name":"Capture the Flag","end_time_seconds":"1775162949"}}