{"count":1,"self":1736.1893375999998,"total":2802.8163878,"children":{"InitializeActuators":{"count":190,"self":0.0019824,"total":0.0019824,"children":null},"InitializeSensors":{"count":190,"self":0.0009994,"total":0.0009994,"children":null},"AgentSendState":{"count":629667,"self":4.5936259999999995,"total":21.074568499999998,"children":{"CollectObservations":{"count":776176,"self":5.5727183999999994,"total":5.5727182,"children":null},"WriteActionMask":{"count":776176,"self":1.1309365,"total":1.1309365,"children":null},"RequestDecision":{"count":776176,"self":2.5743416,"total":9.7772876999999987,"children":{"AgentInfo.ToProto":{"count":758009,"self":2.8871032,"total":7.2029460999999992,"children":{"GenerateSensorData":{"count":758009,"self":4.3158427999999995,"total":4.3158427999999995,"children":null}}}}}}},"DecideAction":{"count":629667,"self":963.80631039999992,"total":963.80635869999992,"children":null},"AgentAct":{"count":629667,"self":81.727558399999992,"total":81.74055589999999,"children":{"AgentInfo.ToProto":{"count":743,"self":0.0039940999999999996,"total":0.012997799999999999,"children":{"GenerateSensorData":{"count":743,"self":0.0090037,"total":0.0090037,"children":null}}}}},"AgentInfo.ToProto":{"count":95,"self":0.0005061,"total":0.0025077,"children":{"GenerateSensorData":{"count":95,"self":0.0020016,"total":0.0020016,"children":null}}}},"gauges":{"Trooper.CumulativeReward":{"count":761,"max":512.2175,"min":0.284353018,"runningAverage":71.9432755,"value":110.572266,"weightedAverage":99.832}},"metadata":{"timer_format_version":"0.1.0","start_time_seconds":"1775154828","unity_version":"6000.3.10f1","command_line_arguments":"C:\\Program Files\\Unity\\Hub\\Editor\\6000.3.10f1\\Editor\\Unity.exe -projectpath C:\\Users\\Julia\\kaiju-agents-project -acceptSoftwareTermsForThisRunOnly -useHub -hubIPC -cloudEnvironment production","communication_protocol_version":"1.5.0","com.unity.ml-agents_version":"4.0.2","scene_name":"Capture the Flag","end_time_seconds":"1775157631"}}