{"count":1,"self":680.3628544,"total":2493.5145248,"children":{"InitializeActuators":{"count":2321,"self":0.023181399999999998,"total":0.023181399999999998,"children":null},"InitializeSensors":{"count":2321,"self":0.014338199999999999,"total":0.014338199999999999,"children":null},"AgentInfo.ToProto":{"count":2652,"self":0.0165226,"total":0.041664099999999996,"children":{"GenerateSensorData":{"count":2652,"self":0.025141499999999997,"total":0.025141499999999997,"children":null}}},"AgentSendState":{"count":1134267,"self":5.4651283999999993,"total":25.8943184,"children":{"CollectObservations":{"count":1954454,"self":6.4099884,"total":6.4099884,"children":null},"WriteActionMask":{"count":1954454,"self":1.4135817,"total":1.4135817,"children":null},"RequestDecision":{"count":1954454,"self":3.0688502,"total":12.605619899999999,"children":{"AgentInfo.ToProto":{"count":1954454,"self":3.5224599999999997,"total":9.5367696999999989,"children":{"GenerateSensorData":{"count":1954454,"self":6.01431,"total":6.0143099,"children":null}}}}}}},"DecideAction":{"count":1134267,"self":1565.9107328,"total":1565.9107384,"children":null},"AgentAct":{"count":1134267,"self":221.18133759999998,"total":221.26694039999998,"children":{"AgentInfo.ToProto":{"count":4213,"self":0.015425399999999999,"total":0.0281662,"children":{"GenerateSensorData":{"count":4213,"self":0.0127408,"total":0.0127408,"children":null}}},"InitializeActuators":{"count":4344,"self":0.023932,"total":0.023932,"children":null},"InitializeSensors":{"count":4344,"self":0.0334925,"total":0.0334925,"children":null}}}},"gauges":{"Trooper.CumulativeReward":{"count":1025,"max":43.7089539,"min":-0.546976149,"runningAverage":1.18251431,"value":7.09137535,"weightedAverage":3.38999176}},"metadata":{"timer_format_version":"0.1.0","start_time_seconds":"1775160691","unity_version":"6000.3.10f1","command_line_arguments":"C:\\Program Files\\Unity\\Hub\\Editor\\6000.3.10f1\\Editor\\Unity.exe -projectpath D:\\gamedev\\comp-4770\\kaiju-agents-project -acceptSoftwareTermsForThisRunOnly -useHub -hubIPC -cloudEnvironment production","communication_protocol_version":"1.5.0","com.unity.ml-agents_version":"4.0.2","scene_name":"Capture the Flag","end_time_seconds":"1775163184"}}