{
    "name": "root",
    "gauges": {
        "Trooper.Policy.Entropy.mean": {
            "value": 2.221770763397217,
            "min": 2.221770763397217,
            "max": 2.3226068019866943,
            "count": 52
        },
        "Trooper.Policy.Entropy.sum": {
            "value": 4312.45703125,
            "min": 4312.45703125,
            "max": 4948.7431640625,
            "count": 52
        },
        "Trooper.Environment.LessonNumber.map_level.mean": {
            "value": 0.0,
            "min": 0.0,
            "max": 0.0,
            "count": 52
        },
        "Trooper.Environment.LessonNumber.map_level.sum": {
            "value": 0.0,
            "min": 0.0,
            "max": 0.0,
            "count": 52
        },
        "Trooper.Step.mean": {
            "value": 103907.0,
            "min": 1959.0,
            "max": 103907.0,
            "count": 52
        },
        "Trooper.Step.sum": {
            "value": 103907.0,
            "min": 1959.0,
            "max": 103907.0,
            "count": 52
        },
        "Trooper.Policy.ExtrinsicValueEstimate.mean": {
            "value": -0.008171333000063896,
            "min": -0.09286823868751526,
            "max": 0.09994093328714371,
            "count": 52
        },
        "Trooper.Policy.ExtrinsicValueEstimate.sum": {
            "value": -0.13074132800102234,
            "min": -1.4858918190002441,
            "max": 1.7989368438720703,
            "count": 52
        },
        "Trooper.Environment.EpisodeLength.mean": {
            "value": 550.25,
            "min": 484.3333333333333,
            "max": 999.0,
            "count": 52
        },
        "Trooper.Environment.EpisodeLength.sum": {
            "value": 2201.0,
            "min": 1453.0,
            "max": 2397.0,
            "count": 52
        },
        "Trooper.Environment.CumulativeReward.mean": {
            "value": -1.374651814500491,
            "min": -2.114883601665497,
            "max": 2.3970823250710964,
            "count": 52
        },
        "Trooper.Environment.CumulativeReward.sum": {
            "value": -4.1239554435014725,
            "min": -4.576814755797386,
            "max": 4.9626036658883095,
            "count": 52
        },
        "Trooper.Policy.ExtrinsicReward.mean": {
            "value": -1.374651814500491,
            "min": -2.114883601665497,
            "max": 2.3970823250710964,
            "count": 52
        },
        "Trooper.Policy.ExtrinsicReward.sum": {
            "value": -4.1239554435014725,
            "min": -4.576814755797386,
            "max": 4.9626036658883095,
            "count": 52
        },
        "Trooper.IsTraining.mean": {
            "value": 1.0,
            "min": 1.0,
            "max": 1.0,
            "count": 52
        },
        "Trooper.IsTraining.sum": {
            "value": 1.0,
            "min": 1.0,
            "max": 1.0,
            "count": 52
        },
        "Trooper.Losses.PolicyLoss.mean": {
            "value": 0.022910687346787504,
            "min": 0.020995659094963533,
            "max": 0.028565581185587993,
            "count": 5
        },
        "Trooper.Losses.PolicyLoss.sum": {
            "value": 0.022910687346787504,
            "min": 0.020995659094963533,
            "max": 0.028565581185587993,
            "count": 5
        },
        "Trooper.Losses.ValueLoss.mean": {
            "value": 0.004959135254224142,
            "min": 0.004959135254224142,
            "max": 0.034546793531626464,
            "count": 5
        },
        "Trooper.Losses.ValueLoss.sum": {
            "value": 0.004959135254224142,
            "min": 0.004959135254224142,
            "max": 0.034546793531626464,
            "count": 5
        },
        "Trooper.Policy.LearningRate.mean": {
            "value": 0.0002969183710272099,
            "min": 0.0002969183710272099,
            "max": 0.00029938368020544,
            "count": 5
        },
        "Trooper.Policy.LearningRate.sum": {
            "value": 0.0002969183710272099,
            "min": 0.0002969183710272099,
            "max": 0.00029938368020544,
            "count": 5
        },
        "Trooper.Policy.Epsilon.mean": {
            "value": 0.19897278999999995,
            "min": 0.19897278999999995,
            "max": 0.19979456000000004,
            "count": 5
        },
        "Trooper.Policy.Epsilon.sum": {
            "value": 0.19897278999999995,
            "min": 0.19897278999999995,
            "max": 0.19979456000000004,
            "count": 5
        },
        "Trooper.Policy.Beta.mean": {
            "value": 0.004948742221000001,
            "min": 0.004948742221000001,
            "max": 0.004989748544000002,
            "count": 5
        },
        "Trooper.Policy.Beta.sum": {
            "value": 0.004948742221000001,
            "min": 0.004948742221000001,
            "max": 0.004989748544000002,
            "count": 5
        }
    },
    "metadata": {
        "timer_format_version": "0.1.0",
        "start_time_seconds": "1775159019",
        "python_version": "3.10.11 (tags/v3.10.11:7d4cc5a, Apr  5 2023, 00:38:17) [MSC v.1929 64 bit (AMD64)]",
        "command_line_arguments": "C:\\Users\\Julia\\kaiju-agents-project\\ml-env\\Scripts\\mlagents-learn config/ctf_ppo.yaml --run-id=Curriculum_05 --force",
        "mlagents_version": "1.1.0",
        "mlagents_envs_version": "1.1.0",
        "communication_protocol_version": "1.5.0",
        "pytorch_version": "1.13.1+cpu",
        "numpy_version": "1.23.5",
        "end_time_seconds": "1775159492"
    },
    "total": 472.97721869987436,
    "count": 1,
    "self": 0.012384799541905522,
    "children": {
        "run_training.setup": {
            "total": 0.19423050014302135,
            "count": 1,
            "self": 0.19423050014302135
        },
        "TrainerController.start_learning": {
            "total": 472.77060340018943,
            "count": 1,
            "self": 3.1665201210416853,
            "children": {
                "TrainerController._reset_env": {
                    "total": 4.745121099986136,
                    "count": 1,
                    "self": 4.745121099986136
                },
                "TrainerController.advance": {
                    "total": 464.7352793791797,
                    "count": 54145,
                    "self": 1.9678252721205354,
                    "children": {
                        "env_step": {
                            "total": 424.19168552104384,
                            "count": 54145,
                            "self": 313.34696704358794,
                            "children": {
                                "SubprocessEnvManager._take_step": {
                                    "total": 110.01223649573512,
                                    "count": 54145,
                                    "self": 3.262030404759571,
                                    "children": {
                                        "TorchPolicy.evaluate": {
                                            "total": 106.75020609097555,
                                            "count": 53984,
                                            "self": 106.75020609097555
                                        }
                                    }
                                },
                                "workers": {
                                    "total": 0.8324819817207754,
                                    "count": 54144,
                                    "self": 0.0,
                                    "children": {
                                        "worker_root": {
                                            "total": 466.32534970133565,
                                            "count": 54144,
                                            "is_parallel": true,
                                            "self": 214.69827567529865,