{
    "name": "root",
    "gauges": {
        "Trooper.Policy.Entropy.mean": {
            "value": 2.2108373641967773,
            "min": 2.183898448944092,
            "max": 2.3265461921691895,
            "count": 126
        },
        "Trooper.Policy.Entropy.sum": {
            "value": 4848.3662109375,
            "min": 3933.0576171875,
            "max": 4893.71044921875,
            "count": 126
        },
        "Trooper.Environment.LessonNumber.map_level.mean": {
            "value": 0.0,
            "min": 0.0,
            "max": 0.0,
            "count": 126
        },
        "Trooper.Environment.LessonNumber.map_level.sum": {
            "value": 0.0,
            "min": 0.0,
            "max": 0.0,
            "count": 126
        },
        "Trooper.Step.mean": {
            "value": 251972.0,
            "min": 1896.0,
            "max": 251972.0,
            "count": 126
        },
        "Trooper.Step.sum": {
            "value": 251972.0,
            "min": 1896.0,
            "max": 251972.0,
            "count": 126
        },
        "Trooper.Policy.ExtrinsicValueEstimate.mean": {
            "value": -0.09863173961639404,
            "min": -0.16144107282161713,
            "max": -0.06488499045372009,
            "count": 126
        },
        "Trooper.Policy.ExtrinsicValueEstimate.sum": {
            "value": -1.8740030527114868,
            "min": -2.743046998977661,
            "max": -1.0381598472595215,
            "count": 126
        },
        "Trooper.Environment.EpisodeLength.mean": {
            "value": 545.2,
            "min": 402.0,
            "max": 999.0,
            "count": 126
        },
        "Trooper.Environment.EpisodeLength.sum": {
            "value": 2726.0,
            "min": 940.0,
            "max": 3033.0,
            "count": 126
        },
        "Trooper.Environment.CumulativeReward.mean": {
            "value": -0.33360000771936027,
            "min": -2.3175000846385956,
            "max": -0.20099999383091927,
            "count": 126
        },
        "Trooper.Environment.CumulativeReward.sum": {
            "value": -1.6680000385968015,
            "min": -6.019000191241503,
            "max": -0.37080007791519165,
            "count": 126
        },
        "Trooper.Policy.ExtrinsicReward.mean": {
            "value": -0.33360000771936027,
            "min": -2.3175000846385956,
            "max": -0.20099999383091927,
            "count": 126
        },
        "Trooper.Policy.ExtrinsicReward.sum": {
            "value": -1.6680000385968015,
            "min": -6.019000191241503,
            "max": -0.37080007791519165,
            "count": 126
        },
        "Trooper.IsTraining.mean": {
            "value": 1.0,
            "min": 1.0,
            "max": 1.0,
            "count": 126
        },
        "Trooper.IsTraining.sum": {
            "value": 1.0,
            "min": 1.0,
            "max": 1.0,
            "count": 126
        },
        "Trooper.Losses.PolicyLoss.mean": {
            "value": 0.021293279089877614,
            "min": 0.021293279089877614,
            "max": 0.026217071390904796,
            "count": 12
        },
        "Trooper.Losses.PolicyLoss.sum": {
            "value": 0.021293279089877614,
            "min": 0.021293279089877614,
            "max": 0.026217071390904796,
            "count": 12
        },
        "Trooper.Losses.ValueLoss.mean": {
            "value": 0.0012301849948319918,
            "min": 0.0012301849948319918,
            "max": 0.015040394865597289,
            "count": 12
        },
        "Trooper.Losses.ValueLoss.sum": {
            "value": 0.0012301849948319918,
            "min": 0.0012301849948319918,
            "max": 0.015040394865597289,
            "count": 12
        },
        "Trooper.Policy.LearningRate.mean": {
            "value": 0.0002925963624678801,
            "min": 0.0002925963624678801,
            "max": 0.0002993852102049299,
            "count": 12
        },
        "Trooper.Policy.LearningRate.sum": {
            "value": 0.0002925963624678801,
            "min": 0.0002925963624678801,
            "max": 0.0002993852102049299,
            "count": 12
        },
        "Trooper.Policy.Epsilon.mean": {
            "value": 0.19753212,
            "min": 0.19753212,
            "max": 0.19979507000000002,
            "count": 12
        },
        "Trooper.Policy.Epsilon.sum": {
            "value": 0.19753212,
            "min": 0.19753212,
            "max": 0.19979507000000002,
            "count": 12
        },
        "Trooper.Policy.Beta.mean": {
            "value": 0.0048768527879999996,
            "min": 0.0048768527879999996,
            "max": 0.004989773993,
            "count": 12
        },
        "Trooper.Policy.Beta.sum": {
            "value": 0.0048768527879999996,
            "min": 0.0048768527879999996,
            "max": 0.004989773993,
            "count": 12
        }
    },
    "metadata": {
        "timer_format_version": "0.1.0",
        "start_time_seconds": "1775110585",
        "python_version": "3.10.11 (tags/v3.10.11:7d4cc5a, Apr  5 2023, 00:38:17) [MSC v.1929 64 bit (AMD64)]",
        "command_line_arguments": "C:\\Users\\Julia\\kaiju-agents-project\\ml-env\\Scripts\\mlagents-learn config/ctf_ppo.yaml --run-id=Curriculum_02 --force",
        "mlagents_version": "1.1.0",
        "mlagents_envs_version": "1.1.0",
        "communication_protocol_version": "1.5.0",
        "pytorch_version": "1.13.1+cpu",
        "numpy_version": "1.23.5",
        "end_time_seconds": "1775111791"
    },
    "total": 1205.7066496999469,
    "count": 1,
    "self": 0.013786599971354008,
    "children": {
        "run_training.setup": {
            "total": 0.092166299931705,
            "count": 1,
            "self": 0.092166299931705
        },
        "TrainerController.start_learning": {
            "total": 1205.6006968000438,
            "count": 1,
            "self": 10.667575378203765,
            "children": {
                "TrainerController._reset_env": {
                    "total": 6.0008841000963,
                    "count": 1,
                    "self": 6.0008841000963
                },
                "TrainerController.advance": {
                    "total": 1188.78481972171,
                    "count": 130186,
                    "self": 4.580374337732792,
                    "children": {
                        "env_step": {
                            "total": 1089.7792386424262,
                            "count": 130186,
                            "self": 834.5419298685156,
                            "children": {
                                "SubprocessEnvManager._take_step": {
                                    "total": 253.21420333907008,
                                    "count": 130186,
                                    "self": 7.434534272411838,
                                    "children": {
                                        "TorchPolicy.evaluate": {
                                            "total": 245.77966906665824,
                                            "count": 130032,
                                            "self": 245.77966906665824
                                        }
                                    }
                                },
                                "workers": {
                                    "total": 2.023105434840545,
                                    "count": 130186,
                                    "self": 0.0,
                                    "children": {
                                        "worker_root": {
                                            "total": 1190.6601187090855,
                                            "count": 130186,
                                            "is_parallel": true,
                                            "self": 499.98872323008254,